{
    "value0": {
        "T_imu_cam": [
            {
                "px": 0.0,
                "py": 0.0,
                "pz": 0.0,
                "qx": 0.0,
                "qy": 0.0,
                "qz": 0.0,
                "qw": 1.0
            },
            {
                "px": 0.002868046970925098,
                "py": -0.0005379959843219126,
                "pz": -0.07480729733392401,
                "qx": -0.014543123204260473,
                "qy": -0.9997164945847442,
                "qz": 0.01601185367358089,
                "qw": -0.009952314534442448
            }
        ],
        "intrinsics": [
            {
                "camera_type": "eucm",
                "intrinsics": {
                    "fx": 851.0605381363079,
                    "fy": 849.1656491172367,
                    "cx": 1444.0728460535659,
                    "cy": 1426.0939080480064,
                    "alpha": 0.6841715757067262,
                    "beta": 0.8198582108817005
                }
            },
            {
                "camera_type": "eucm",
                "intrinsics": {
                    "fx": 842.9051335310409,
                    "fy": 841.4733973115552,
                    "cx": 1426.893670420504,
                    "cy": 1430.462399592386,
                    "alpha": 0.6806926367729291,
                    "beta": 0.8206507035510786
                }
            }
        ],
        "resolution": [
            [
                2880,
                2880
            ],
            [
                2880,
                2880
            ]
        ],
        "calib_accel_bias": [
            0.0,
            0.0,
            0.0,
            0.0,
            0.0,
            0.0,
            0.0,
            0.0,
            0.0
        ],
        "calib_gyro_bias": [
            0.0,
            0.0,
            0.0,
            0.0,
            0.0,
            0.0,
            0.0,
            0.0,
            0.0,
            0.0,
            0.0,
            0.0
        ],
        "imu_update_rate": 200.0,
        "accel_noise_std": [
            0.016,
            0.016,
            0.016
        ],
        "gyro_noise_std": [
            0.000282,
            0.000282,
            0.000282
        ],
        "accel_bias_std": [
            0.001,
            0.001,
            0.001
        ],
        "gyro_bias_std": [
            0.0001,
            0.0001,
            0.0001
        ],
        "cam_time_offset_ns": 0,
        "vignette": []
    }
}