{
    "dji fc2403 4056 3040 brown 0.6666": {
        "projection_type": "brown",
        "width": 4056,
        "height": 3040,
        "focal_x": 0.6668670744375743,
        "focal_y": 0.6668670744375743,
        "c_x": 0.0045192989382743,
        "c_y": -0.006646876900898303,
        "k1": -0.006461310732413794,
        "k2": 0.0001136090021438493,
        "p1": -0.00021765254841843166,
        "p2": -6.468790074698558e-05,
        "k3": 0.0020772087757846254
    }
}